<?xml version="1.0" encoding="UTF-8"?>
<RulePack xmlns="xmlns://www.fortifysoftware.com/schema/rules">
    <RulePackID>39668268-C992-44E3-889D-26B3A23278BE</RulePackID>
    <SKU>SKU-C:\Users\zaclewis\Desktop\cookbookcode\custom-rule</SKU>
    <Name><![CDATA[C:\Users\zaclewis\Desktop\cookbookcode\custom-rule]]></Name>
    <Version>1.0</Version>
    <Description><![CDATA[]]></Description>
    <Rules version="18.20">
        <RuleDefinitions>
            <DataflowEntryPointRule formatVersion="18.20" language="javascript">
                <RuleID>C6822E33-2BA0-4806-BE45-D52C7CCE30B9</RuleID>
                <TaintFlags>+PRIVATE</TaintFlags>
                <FunctionIdentifier>
                    <NamespaceName>
                        <Pattern>.*</Pattern>
                    </NamespaceName>
                    <ClassName>
                        <Pattern>.*</Pattern>
                    </ClassName>
                    <FunctionName>
                        <Pattern>.*</Pattern>
                    </FunctionName>
                    <ApplyTo implements="true" overrides="true" extends="true"/>
                </FunctionIdentifier>
                <InArguments>0...</InArguments>
            </DataflowEntryPointRule>
 <DataflowEntryPointRule formatVersion="18.20" language="javascript">
                <RuleID>54833E5D-E00C-4E06-87D4-2A30D95969D7</RuleID>
                <TaintFlags>+PRIVATE</TaintFlags>
                <FunctionIdentifier>
                    <NamespaceName>
                        <Pattern>.*</Pattern>
                    </NamespaceName>
                    <ClassName>
                        <Pattern>.*</Pattern>
                    </ClassName>
                    <FunctionName>
                        <Pattern>.*</Pattern>
                    </FunctionName>
                    <ApplyTo implements="true" overrides="true" extends="true"/>
                </FunctionIdentifier>
                <InArguments>this</InArguments>
            </DataflowEntryPointRule>

            <StructuralRule formatVersion="17.20" language="javascript">
                <RuleID>Debug_Javascript_Translation_Rule</RuleID>
                  <MetaInfo>
                   
                    <Group name="Accuracy">5</Group>
                    <Group name="Impact">5</Group>
                    <Group name="RemediationEffort">5</Group>
                    <Group name="Probability">5</Group>
                    <Group name="audience">targeted,medium,broad,dev,fod</Group>
                </MetaInfo>
                <VulnKingdom>Debug Rules</VulnKingdom>
                <VulnCategory>Debug Javascript Translation Rule</VulnCategory>
                <VulnSubcategory>DebugRules</VulnSubcategory>
                <DefaultSeverity>5</DefaultSeverity>
                <Description></Description>
                <Predicate><![CDATA[
             FieldAccess fa:
                ]]></Predicate>
            </StructuralRule>
            
              <StructuralRule formatVersion="3.4" language="javascript">
                <MetaInfo>
                    <Group name="package">JavaScript Core</Group>
                    <Group name="altcategoryCWE">None</Group>
                    <Group name="altcategoryOWASP2004">None</Group>
                    <Group name="altcategoryOWASP2007">None</Group>
                    <Group name="altcategoryOWASP2010">None</Group>
                    <Group name="altcategorySANS2009">None</Group>
                    <Group name="altcategoryFISMA">None</Group>
                    <Group name="altcategoryPCI1.1">None</Group>
                    <Group name="altcategoryPCI1.2">None</Group>
                    <Group name="altcategoryPCI2.0">None</Group>
                    <Group name="altcategorySTIG2">None</Group>
                    <Group name="altcategoryWASC24+2">None</Group>
                    <Group name="altcategorySANS2010">None</Group>
                    <Group name="PrimaryAudience">security</Group>
                    <Group name="Accuracy">2.0</Group>
                    <Group name="Impact">1.0</Group>
                    <Group name="RemediationEffort">12.0</Group>
                    <Group name="Probability">1.0</Group>
                    <Group name="ImpactBias">Integrity</Group>
                    <Group name="ConfidentialityImpact">None</Group>
                    <Group name="IntegrityImpact">Partial</Group>
                    <Group name="AvailabilityImpact">None</Group>
                    <Group name="audience">broad</Group>
                </MetaInfo>
                <RuleID>F9458114-FD71-4CDF-B55F-17A5D12CEC2F</RuleID>
                <Notes><![CDATA[JavaScript Hijacking sink for new Ajax(url, {method: 'get'}).evalScripts() in moo.fx for MooTools.]]></Notes>
                <VulnKingdom>Encapsulation</VulnKingdom>
                <VulnCategory>JavaScript Hijacking</VulnCategory>
                <VulnSubcategory>Vulnerable Framework</VulnSubcategory>
                <DefaultSeverity>2.0</DefaultSeverity>
                <Description ref="desc.dataflow.javascript.javascript_hijacking_ad_hoc_ajax"/>
                <Predicate><![CDATA[
               VariableAccess va:
            ]]></Predicate>
            </StructuralRule>

 <StructuralRule formatVersion="17.20" language="javascript">
                <RuleID>54E8A4F1-1616-46E4-A1B0-558A7DE73012</RuleID>
                  <MetaInfo>
                   
                    <Group name="Accuracy">5</Group>
                    <Group name="Impact">5</Group>
                    <Group name="RemediationEffort">5</Group>
                    <Group name="Probability">5</Group>
                    <Group name="audience">targeted,medium,broad,dev,fod</Group>
                </MetaInfo>
                <VulnKingdom>Debug Rules</VulnKingdom>
                <VulnCategory>Debug Javascript Translation Rule</VulnCategory>
                <VulnSubcategory>DebugRules</VulnSubcategory>
                <DefaultSeverity>5</DefaultSeverity>
                <Description></Description>
                <Predicate><![CDATA[
             Variable obj:
                ]]></Predicate>
            </StructuralRule>
            
             <StructuralRule formatVersion="17.20" language="javascript">
                <RuleID>00EF4B84-D646-4F2F-A5D1-338EB09DF0A3</RuleID>
                  <MetaInfo>
                   
                    <Group name="Accuracy">5</Group>
                    <Group name="Impact">5</Group>
                    <Group name="RemediationEffort">5</Group>
                    <Group name="Probability">5</Group>
                    <Group name="audience">targeted,medium,broad,dev,fod</Group>
                </MetaInfo>
                <VulnKingdom>Debug Rules</VulnKingdom>
                <VulnCategory>Debug Javascript Translation Rule</VulnCategory>
                <VulnSubcategory>DebugRules</VulnSubcategory>
                <DefaultSeverity>5</DefaultSeverity>
                <Description></Description>
                <Predicate><![CDATA[
             Expression obj:
                ]]></Predicate>
            </StructuralRule>
            


            <DataflowSinkRule formatVersion="18.20" language="javascript">
                <MetaInfo>
                    <Group name="altcategoryCWE">CWE ID 359</Group>
                    <Group name="altcategoryOWASP2004">None</Group>
                    <Group name="altcategoryOWASP2007">A6 Information Leakage and Improper Error Handling</Group>
                    <Group name="altcategoryPCI1.1">Requirement 3.2, 3.4, 4.2, 8.4</Group>
                    <Group name="altcategoryPCI1.2">Requirement 3.2, 3.4, 4.2, 6.5.6, 8.4</Group>
                    <Group name="altcategorySTIG2">APP3210.4 CAT II, APP3310 CAT I, APP3340 CAT I</Group>
                    <Group name="altcategoryWASC24+2">Information Leakage</Group>
                    <Group name="coveredRTA">Protected</Group>
                    <Group name="Accuracy">4</Group>
                    <Group name="Impact">3</Group>
                    <Group name="RemediationEffort">2</Group>
                    <Group name="Probability">1</Group>
                    <Group name="audience">targeted,medium,broad,dev,fod</Group>
                </MetaInfo>
                <RuleID>979B9B51-2555-410F-A946-CFFDBE794E9B</RuleID>
                <VulnKingdom>Security Features</VulnKingdom>
                <VulnCategory>Privacy Violation</VulnCategory>
                <DefaultSeverity>3.0</DefaultSeverity>
                <Description ref="desc.dataflow.java.privacy_violation">
                    <Explanation append="true"><![CDATA[This issue is being reported by a custom rule.]]></Explanation>
                </Description>
                <Sink>
                    <InArguments>0...</InArguments>
                    <Conditional>
                        <And>
                            <Not>
                                <TaintFlagSet taintFlag="VALIDATED_PRIVACY_VIOLATION"/>
                            </Not>
                            <TaintFlagSet taintFlag="PRIVATE"/>
                            <Not>
                                <TaintFlagSet taintFlag="STRING_LENGTH"/>
                            </Not>
                        </And>
                    </Conditional>
                </Sink>
                <FunctionIdentifier>
                    <NamespaceName>
                        <Pattern>.*</Pattern>
                    </NamespaceName>
                    <ClassName>
                        <Pattern>.*</Pattern>
                    </ClassName>
                    <FunctionName>
                        <Pattern>.*</Pattern>
                    </FunctionName>
                    <ApplyTo implements="true" overrides="true" extends="true"/>
                </FunctionIdentifier>
            </DataflowSinkRule>



            <SemanticRule formatVersion="18.20" language="javascript">
                <RuleID>51577D7A-2C9B-461B-BB81-FE519794BE84</RuleID>
                <VulnKingdom>Input Validation and Representation</VulnKingdom>
                <VulnCategory>Often Misused</VulnCategory>
                <DefaultSeverity>2.0</DefaultSeverity>
                <Description/>
                <Type>default</Type>
                <FunctionIdentifier>
                    <NamespaceName>
                        <Pattern>.*</Pattern>
                    </NamespaceName>
                    <ClassName>
                        <Pattern>.*</Pattern>
                    </ClassName>
                    <FunctionName>
                        <Pattern>.*</Pattern>
                    </FunctionName>
                    <ApplyTo implements="true" overrides="true" extends="true"/>
                </FunctionIdentifier>
            </SemanticRule>




            <CharacterizationRule formatVersion="18.20" language="javascript">
                <RuleID>31BFDE5F-0735-4B54-AEC3-B425688A906A</RuleID>
                <StructuralMatch><![CDATA[
		VariableAccess va: va.variable.name matches ".*" and
						not va in [AssignmentStatement: lhs.location is va]
	]]></StructuralMatch>
                <Definition><![CDATA[
		TaintSource(va, {+PRIVATE})
	]]></Definition>
            </CharacterizationRule>



            <CharacterizationRule formatVersion="18.20" language="javascript">
                <RuleID>31BFDE5F-0735-4B54-AEC3-B425688A906A1</RuleID>
                <StructuralMatch><![CDATA[
		FieldAccess fa: fa.field.name matches ".*" and
					not fa in [AssignmentStatement: lhs.location is fa]
	]]></StructuralMatch>
                <Definition><![CDATA[
		TaintSource(fa, {+PRIVATE})
	]]></Definition>
            </CharacterizationRule>
        </RuleDefinitions>
    </Rules>
</RulePack>
